Date,High,Low,Open,Close,Volume,Adj Close
2018-01-02,31.899999618530273,31.530000686645508,31.719999313354492,31.770000457763672,22611507.0,27.22414207458496
2018-01-03,32.040000915527344,31.420000076293945,31.770000457763672,31.530000686645508,31379496.0,27.018482208251953
2018-01-04,31.950000762939453,31.329999923706055,31.5,31.6299991607666,23760307.0,27.10417366027832
2018-01-05,31.950000762939453,31.530000686645508,31.649999618530273,31.920000076293945,22295069.0,27.352678298950195
2018-01-08,32.75,31.940000534057617,31.969999313354492,32.40999984741211,36955802.0,27.772565841674805
2018-01-09,32.66999816894531,32.16999816894531,32.369998931884766,32.439998626708984,23462424.0,27.79827308654785
2018-01-10,34.22999954223633,32.599998474121094,32.70000076293945,33.869998931884766,50775976.0,29.023656845092773
2018-01-11,33.95000076293945,33.33000183105469,33.599998474121094,33.83000183105469,24350222.0,28.9893856048584
2018-01-12,34.29999923706055,33.5099983215332,33.65999984741211,33.90999984741211,20135520.0,29.05793571472168
2018-01-15,33.83000183105469,33.11000061035156,33.83000183105469,33.5,33266260.0,28.706602096557617
2018-01-16,33.45000076293945,32.22999954223633,33.40999984741211,32.31999969482422,57753000.0,27.695444107055664
2018-01-17,32.97999954223633,32.25,32.650001525878906,32.529998779296875,40761824.0,27.875394821166992
2018-01-18,33.08000183105469,32.41999816894531,32.7599983215332,32.529998779296875,38965441.0,27.875394821166992
2018-01-19,33.47999954223633,32.36000061035156,32.689998626708984,32.83000183105469,34755515.0,28.132471084594727
2018-01-22,33.849998474121094,32.880001068115234,32.95000076293945,33.75,36298497.0,28.92083168029785
2018-01-23,34.47999954223633,33.720001220703125,33.849998474121094,33.970001220703125,36177391.0,29.10935401916504
2018-01-24,34.36000061035156,33.630001068115234,34.25,33.959999084472656,27904676.0,29.10078239440918
2018-01-25,34.959999084472656,33.54999923706055,34.02000045776367,34.880001068115234,48431447.0,29.889142990112305
2018-01-26,35.27000045776367,34.59000015258789,34.95000076293945,34.97999954223633,31335291.0,29.97483253479004
2018-01-29,35.880001068115234,34.45000076293945,35.0,34.459999084472656,36726660.0,29.529237747192383
2018-01-30,34.79999923706055,33.959999084472656,34.33000183105469,34.41999816894531,18245659.0,29.494962692260742
2018-01-31,34.84000015258789,34.06999969482422,34.209999084472656,34.38999938964844,22141216.0,29.469255447387695
2018-02-01,34.900001525878906,34.040000915527344,34.58000183105469,34.869998931884766,45888177.0,29.880573272705078
2018-02-02,34.81999969482422,34.20000076293945,34.650001525878906,34.70000076293945,21182451.0,29.734899520874023
2018-02-05,34.5099983215332,33.880001068115234,34.45000076293945,34.150001525878906,25966741.0,29.263599395751953
2018-02-06,34.18000030517578,33.119998931884766,33.5,34.150001525878906,55088153.0,29.263599395751953
2018-02-07,34.54999923706055,33.56999969482422,34.31999969482422,34.029998779296875,33524715.0,29.160764694213867
2018-02-08,33.9900016784668,32.5,33.869998931884766,32.83000183105469,36368162.0,28.132471084594727
2018-02-09,32.27000045776367,30.670000076293945,32.130001068115234,32.0099983215332,36480771.0,27.429800033569336
2018-02-12,32.900001525878906,31.899999618530273,31.899999618530273,32.31999969482422,17004407.0,27.695444107055664
2018-02-13,33.09000015258789,32.43000030517578,32.43000030517578,32.91999816894531,16208267.0,28.209592819213867
2018-02-14,33.29999923706055,32.93000030517578,32.93000030517578,33.209999084472656,12151610.0,28.458097457885742
2018-02-22,34.130001068115234,33.279998779296875,33.5,34.02000045776367,19571070.0,29.152198791503906
2018-02-23,34.15999984741211,33.599998474121094,34.02000045776367,34.06999969482422,17593164.0,29.195043563842773
2018-02-26,34.939998626708984,34.15999984741211,34.15999984741211,34.47999954223633,20149581.0,29.546375274658203
2018-02-27,34.79999923706055,33.869998931884766,34.79999923706055,34.38999938964844,22662787.0,29.469255447387695
2018-02-28,34.150001525878906,33.529998779296875,34.040000915527344,33.63999938964844,15111716.0,28.826570510864258
2018-03-01,34.08000183105469,33.380001068115234,33.529998779296875,33.93000030517578,14637724.0,29.075075149536133
2018-03-02,35.06999969482422,33.65999984741211,33.900001525878906,35.02000045776367,29535399.0,30.009111404418945
2018-03-05,35.65999984741211,34.45000076293945,35.08000183105469,35.189998626708984,26241479.0,30.154783248901367
2018-03-06,35.54999923706055,34.900001525878906,35.29999923706055,35.08000183105469,18891531.0,30.060527801513672
2018-03-07,36.33000183105469,35.119998931884766,35.119998931884766,35.959999084472656,32321196.0,30.814607620239258
2018-03-08,36.59000015258789,35.689998626708984,35.810001373291016,35.83000183105469,26191008.0,30.70321273803711
2018-03-09,36.63999938964844,35.68000030517578,35.68000030517578,36.27000045776367,20817041.0,31.08025550842285
2018-03-12,37.599998474121094,36.36000061035156,36.38999938964844,37.13999938964844,24473917.0,31.825769424438477
2018-03-13,37.65999984741211,36.83000183105469,37.15999984741211,36.91999816894531,22266356.0,31.637245178222656
2018-03-14,37.5,36.630001068115234,36.79999923706055,36.869998931884766,16774339.0,31.59440040588379
2018-03-15,37.09000015258789,36.599998474121094,36.720001220703125,36.77000045776367,11195586.0,31.508708953857422
2018-03-16,37.279998779296875,36.54999923706055,36.77000045776367,36.83000183105469,18263467.0,31.56012535095215
2018-03-19,37.369998931884766,36.11000061035156,36.650001525878906,37.31999969482422,16778395.0,31.980010986328125
2018-03-20,37.58000183105469,36.880001068115234,37.0,36.93000030517578,12532208.0,31.645816802978516
2018-03-21,37.18000030517578,35.810001373291016,36.970001220703125,36.18000030517578,22292451.0,31.003131866455078
2018-03-22,36.45000076293945,35.45000076293945,36.45000076293945,35.95000076293945,22186816.0,30.806041717529297
2018-03-23,35.58000183105469,34.68000030517578,35.02000045776367,35.54999923706055,39290527.0,30.463275909423828
2018-03-26,35.20000076293945,33.779998779296875,35.189998626708984,34.09000015258789,38960337.0,29.212182998657227
2018-03-27,34.689998626708984,33.20000076293945,34.45000076293945,33.54999923706055,34305099.0,28.749446868896484
2018-03-28,33.38999938964844,32.189998626708984,33.25,32.540000915527344,33580561.0,27.88396644592285
2018-03-29,33.20000076293945,32.0,32.599998474121094,32.939998626708984,30796309.0,28.226730346679688
2018-03-30,34.150001525878906,33.150001525878906,33.20000076293945,34.0,24994566.0,29.13505744934082
2018-04-02,34.380001068115234,33.45000076293945,34.02000045776367,33.9900016784668,19447831.0,29.12649154663086
2018-04-03,33.779998779296875,33.0,33.54999923706055,33.11000061035156,21986252.0,28.372407913208008
2018-04-04,34.130001068115234,33.2599983215332,33.45000076293945,33.900001525878906,22198307.0,29.049367904663086
2018-04-09,34.290000915527344,33.70000076293945,33.9900016784668,34.04999923706055,14772713.0,29.177906036376953
2018-04-10,34.16999816894531,33.25,34.04999923706055,33.970001220703125,30058431.0,29.10935401916504
2018-04-11,33.900001525878906,32.95000076293945,33.900001525878906,33.04999923706055,34416567.0,28.32099151611328
2018-04-12,33.25,32.5,33.09000015258789,32.95000076293945,22881824.0,28.235300064086914
2018-04-13,33.150001525878906,32.79999923706055,32.9900016784668,32.959999084472656,12247269.0,28.243867874145508
2018-04-16,33.04999923706055,32.209999084472656,33.0,32.47999954223633,15156741.0,27.832550048828125
2018-04-17,32.59000015258789,31.31999969482422,32.47999954223633,31.3700008392334,17320857.0,26.881378173828125
2018-04-18,31.780000686645508,30.010000228881836,31.739999771118164,31.350000381469727,35511539.0,26.864238739013672
2018-04-19,32.0,31.059999465942383,31.09000015258789,31.950000762939453,19975030.0,27.378387451171875
2018-04-20,32.060001373291016,31.190000534057617,31.790000915527344,31.889999389648438,17089401.0,27.326969146728516
2018-04-23,31.959999084472656,31.049999237060547,31.469999313354492,31.43000030517578,14547999.0,26.932790756225586
2018-04-24,32.20000076293945,31.260000228881836,31.260000228881836,31.959999084472656,19605891.0,27.38695526123047
2018-04-25,32.16999816894531,31.68000030517578,31.68000030517578,31.90999984741211,9787939.0,27.34410858154297
2018-04-26,32.25,31.219999313354492,32.22999954223633,31.56999969482422,14195879.0,27.052757263183594
2018-04-27,32.04999923706055,31.030000686645508,31.700000762939453,31.93000030517578,19144742.0,27.361248016357422
2018-05-02,32.91999816894531,32.0,32.08000183105469,32.75,17525048.0,28.063915252685547
2018-05-03,33.31999969482422,32.56999969482422,32.880001068115234,33.119998931884766,16179566.0,28.38097381591797
2018-05-04,33.099998474121094,32.65999984741211,33.099998474121094,32.66999816894531,9531672.0,27.995361328125
2018-05-07,33.29999923706055,32.65999984741211,32.90999984741211,33.099998474121094,10393444.0,28.36383628845215
2018-05-08,34.150001525878906,33.349998474121094,33.349998474121094,34.060001373291016,22740743.0,29.186473846435547
2018-05-09,34.61000061035156,34.0,34.0,34.38999938964844,16432680.0,29.469255447387695
2018-05-10,34.83000183105469,34.22999954223633,34.599998474121094,34.79999923706055,11161792.0,29.820589065551758
2018-05-11,34.900001525878906,34.45000076293945,34.84000015258789,34.61000061035156,11196617.0,29.65777587890625
2018-05-14,35.4900016784668,34.650001525878906,34.650001525878906,35.20000076293945,12010766.0,30.163354873657227
2018-05-15,35.54999923706055,34.79999923706055,35.34000015258789,35.0099983215332,17802986.0,30.000539779663086
2018-05-16,35.18000030517578,34.369998931884766,34.91999816894531,34.47999954223633,14787120.0,29.546375274658203
2018-05-17,34.779998779296875,34.38999938964844,34.54999923706055,34.4900016784668,12078767.0,29.554948806762695
2018-05-18,34.970001220703125,34.099998474121094,34.529998779296875,34.95000076293945,13232038.0,29.949129104614258
2018-05-21,35.599998474121094,34.41999816894531,35.0,34.5,14391866.0,29.56351661682129
2018-05-22,34.939998626708984,34.58000183105469,34.70000076293945,34.77000045776367,9952379.0,29.79488182067871
2018-05-23,35.349998474121094,34.0099983215332,34.0099983215332,34.86000061035156,17848852.0,29.872005462646484
2018-05-24,34.90999984741211,34.0,34.790000915527344,34.119998931884766,12241626.0,29.23788833618164
2018-05-25,34.959999084472656,34.11000061035156,34.33000183105469,34.619998931884766,13772042.0,29.666345596313477
2018-05-28,35.349998474121094,34.619998931884766,34.630001068115234,35.31999969482422,13912042.0,30.266185760498047
2018-05-29,36.029998779296875,34.97999954223633,35.31999969482422,35.66999816894531,18792268.0,30.56610107421875
2018-05-30,35.959999084472656,35.0099983215332,35.34000015258789,35.25,15622824.0,30.206201553344727
2018-05-31,36.68000030517578,35.47999954223633,35.54999923706055,36.25,26264518.0,31.063114166259766
2018-06-01,36.38999938964844,35.27000045776367,36.2599983215332,35.66999816894531,14686204.0,30.56610107421875
2018-06-04,36.29999923706055,35.77000045776367,35.849998474121094,36.20000076293945,11766457.0,31.0202693939209
2018-06-05,36.29999923706055,35.5099983215332,36.099998474121094,36.2400016784668,11014706.0,31.054548263549805
2018-06-06,36.25,35.75,36.15999984741211,35.9900016784668,9032612.0,30.840316772460938
2018-06-07,36.0,35.5,35.959999084472656,35.59000015258789,11200344.0,30.49755096435547
2018-06-08,36.380001068115234,35.709999084472656,35.90999984741211,36.040000915527344,17750422.0,30.883161544799805
2018-06-11,36.400001525878906,35.72999954223633,35.81999969482422,36.38999938964844,12999233.0,31.183080673217773
2018-06-12,36.97999954223633,36.060001373291016,36.45000076293945,36.720001220703125,15662045.0,31.465866088867188
2018-06-13,36.790000915527344,36.36000061035156,36.70000076293945,36.650001525878906,9760519.0,31.405879974365234
2018-06-14,36.77000045776367,36.060001373291016,36.45000076293945,36.720001220703125,15253905.0,31.465866088867188
2018-06-15,36.77000045776367,35.77000045776367,36.77000045776367,36.529998779296875,20709766.0,31.303050994873047
2018-06-19,36.939998626708984,35.58000183105469,36.04999923706055,36.79999923706055,47024392.0,31.53441619873047
2018-06-20,36.66999816894531,35.400001525878906,36.47999954223633,35.93000030517578,18636793.0,30.788904190063477
2018-06-21,36.04999923706055,35.650001525878906,35.810001373291016,35.81999969482422,16918258.0,30.694644927978516
2018-06-22,35.849998474121094,35.15999984741211,35.72999954223633,35.2599983215332,11018442.0,30.21476936340332
2018-06-25,35.45000076293945,34.75,35.2599983215332,35.150001525878906,16714270.0,30.120512008666992
2018-06-26,35.41999816894531,34.599998474121094,35.25,35.150001525878906,17146210.0,30.120512008666992
2018-06-27,35.81999969482422,34.97999954223633,35.25,35.2400016784668,19288572.0,30.197633743286133
2018-06-28,35.20000076293945,33.869998931884766,34.88999938964844,33.95000076293945,19544219.0,29.092212677001953
2018-06-29,35.0,33.84000015258789,34.2400016784668,34.9900016784668,16910195.0,29.9834041595459
2018-07-02,35.029998779296875,32.369998931884766,35.0,33.439998626708984,19717128.0,28.65518569946289
2018-07-03,33.52000045776367,32.22999954223633,32.95000076293945,32.83000183105469,18846789.0,28.132471084594727
2018-07-04,33.220001220703125,32.63999938964844,32.75,32.83000183105469,13146700.0,28.132471084594727
2018-07-05,33.560001373291016,32.54999923706055,33.04999923706055,33.33000183105469,19018944.0,28.560928344726562
2018-07-06,33.959999084472656,33.060001373291016,33.400001525878906,33.720001220703125,13080150.0,28.895124435424805
2018-07-09,34.56999969482422,33.72999954223633,33.72999954223633,34.47999954223633,15486177.0,29.546375274658203
2018-07-10,35.09000015258789,34.34000015258789,34.650001525878906,34.63999938964844,13041860.0,29.683483123779297
2018-07-11,34.75,34.13999938964844,34.25,34.68000030517578,8881376.0,29.717761993408203
2018-07-12,35.43000030517578,34.36000061035156,34.720001220703125,34.38999938964844,25813058.0,29.469255447387695
2018-07-13,35.09000015258789,34.529998779296875,34.56999969482422,35.029998779296875,14055034.0,30.01767921447754
2018-07-16,35.630001068115234,34.72999954223633,35.130001068115234,35.04999923706055,16570117.0,30.034818649291992
2018-07-17,33.09000015258789,32.58000183105469,33.0,32.68000030517578,15509095.0,29.546594619750977
2018-07-18,32.900001525878906,32.36000061035156,32.599998474121094,32.61000061035156,10594482.0,29.483306884765625
2018-07-19,32.75,31.549999237060547,32.72999954223633,31.799999237060547,12880445.0,28.75096893310547
2018-07-20,32.5099983215332,31.600000381469727,31.920000076293945,32.400001525878906,11553895.0,29.293441772460938
2018-07-23,32.84000015258789,32.439998626708984,32.54999923706055,32.599998474121094,13601813.0,29.47426414489746
2018-07-24,32.97999954223633,32.38999938964844,32.70000076293945,32.56999969482422,20270764.0,29.447139739990234
2018-07-25,32.86000061035156,32.439998626708984,32.70000076293945,32.7400016784668,10837927.0,29.600841522216797
2018-07-26,32.79999923706055,31.959999084472656,32.7400016784668,32.13999938964844,13148623.0,29.058368682861328
2018-07-27,32.099998474121094,31.1299991607666,31.989999771118164,31.18000030517578,21231465.0,28.19041633605957
2018-07-30,31.690000534057617,31.110000610351562,31.200000762939453,31.68000030517578,11304171.0,28.642475128173828
2018-07-31,31.969999313354492,31.059999465942383,31.610000610351562,31.8799991607666,13117499.0,28.82329750061035
2018-08-01,32.18000030517578,31.34000015258789,32.029998779296875,31.3700008392334,12967662.0,28.362199783325195
2018-08-02,31.450000762939453,29.920000076293945,31.3799991607666,30.360000610351562,18270933.0,27.449039459228516
2018-08-03,30.329999923706055,29.010000228881836,30.15999984741211,29.06999969482422,21325046.0,26.282724380493164
2018-08-06,29.6200008392334,29.030000686645508,29.290000915527344,29.350000381469727,14042203.0,26.535879135131836
2018-08-07,30.1299991607666,29.260000228881836,29.549999237060547,30.020000457763672,13775274.0,27.141639709472656
2018-08-08,30.079999923706055,28.8799991607666,29.889999389648438,29.040000915527344,15278868.0,26.255603790283203
2018-08-09,30.049999237060547,28.829999923706055,28.860000610351562,30.0,14852314.0,27.12355613708496
2018-08-10,30.18000030517578,29.75,30.049999237060547,29.989999771118164,7696306.0,27.11451530456543
2018-08-13,29.780000686645508,29.059999465942383,29.770000457763672,29.6200008392334,11005164.0,26.779991149902344
2018-08-14,29.90999984741211,29.450000762939453,29.549999237060547,29.889999389648438,8654013.0,27.02410125732422
2018-08-15,29.799999237060547,28.850000381469727,29.709999084472656,29.170000076293945,14778471.0,26.373138427734375
2018-08-16,29.149999618530273,28.239999771118164,28.8799991607666,28.34000015258789,15502137.0,25.62272071838379
2018-08-17,28.690000534057617,28.010000228881836,28.549999237060547,28.030000686645508,8190751.0,25.342443466186523
2018-08-20,28.299999237060547,27.5,28.290000915527344,28.100000381469727,12788542.0,25.405731201171875
2018-08-21,28.649999618530273,28.09000015258789,28.09000015258789,28.450000762939453,9119016.0,25.722171783447266
2018-08-22,28.559999465942383,28.149999618530273,28.459999084472656,28.549999237060547,7015065.0,25.812583923339844
2018-08-23,28.729999542236328,28.1299991607666,28.489999771118164,28.270000457763672,9620877.0,25.559431076049805
2018-08-24,28.510000228881836,28.100000381469727,28.270000457763672,28.3700008392334,7161240.0,25.649843215942383
2018-08-27,29.280000686645508,28.389999389648438,28.5,29.149999618530273,14374013.0,26.35505485534668
2018-08-28,29.40999984741211,28.780000686645508,29.139999389648438,28.8700008392334,11284955.0,26.10190200805664
2018-08-29,28.940000534057617,28.40999984741211,28.75,28.5,9717639.0,25.767377853393555
2018-08-30,28.81999969482422,28.5,28.5,28.6200008392334,9019383.0,25.875871658325195
2018-08-31,29.31999969482422,28.65999984741211,28.790000915527344,29.149999618530273,20415934.0,26.35505485534668
2018-09-03,29.280000686645508,28.780000686645508,29.0,29.059999465942383,10569921.0,26.273683547973633
2018-09-04,29.200000762939453,28.649999618530273,28.920000076293945,29.049999237060547,8948749.0,26.2646427154541
2018-09-05,29.030000686645508,28.059999465942383,28.799999237060547,28.079999923706055,10454766.0,25.38764762878418
2018-09-06,28.5,28.09000015258789,28.09000015258789,28.280000686645508,10969469.0,25.568471908569336
2018-09-07,28.850000381469727,28.239999771118164,28.43000030517578,28.40999984741211,7786537.0,25.686006546020508
2018-09-10,28.700000762939453,28.25,28.360000610351562,28.450000762939453,7598352.0,25.722171783447266
2018-09-11,28.450000762939453,27.93000030517578,28.440000534057617,28.280000686645508,9038905.0,25.568471908569336
2018-09-12,28.479999542236328,27.969999313354492,28.049999237060547,28.229999542236328,6030155.0,25.523265838623047
2018-09-13,28.799999237060547,28.229999542236328,28.479999542236328,28.799999237060547,10042133.0,26.03861427307129
2018-09-14,29.5,28.600000381469727,28.600000381469727,29.350000381469727,16881168.0,26.535879135131836
2018-09-17,29.520000457763672,28.950000762939453,29.31999969482422,29.31999969482422,6570840.0,26.508756637573242
2018-09-18,29.610000610351562,29.079999923706055,29.079999923706055,29.56999969482422,9866299.0,26.734785079956055
2018-09-19,30.209999084472656,29.3700008392334,29.6299991607666,29.850000381469727,17671141.0,26.987937927246094
2018-09-20,30.0,29.389999389648438,29.850000381469727,29.670000076293945,8849710.0,26.825197219848633
2018-09-21,31.549999237060547,29.670000076293945,29.670000076293945,31.280000686645508,26150354.0,28.28082847595215
2018-09-25,31.6299991607666,30.969999313354492,31.059999465942383,31.420000076293945,15056238.0,28.40740394592285
2018-09-26,32.290000915527344,31.3799991607666,31.3799991607666,31.700000762939453,29248173.0,28.660558700561523
2018-09-27,31.75,31.049999237060547,31.75,31.309999465942383,19997312.0,28.307950973510742
2018-09-28,33.279998779296875,31.34000015258789,31.68000030517578,33.279998779296875,34568546.0,30.08906364440918
2018-10-08,32.29999923706055,29.950000762939453,32.29999923706055,30.010000228881836,45886927.0,27.132596969604492
2018-10-09,30.270000457763672,29.899999618530273,29.940000534057617,30.049999237060547,15029294.0,27.168760299682617
2018-10-10,29.950000762939453,28.739999771118164,29.950000762939453,29.350000381469727,23738884.0,26.535879135131836
2018-10-11,28.56999969482422,27.989999771118164,28.399999618530273,28.459999084472656,21335377.0,25.731212615966797
2018-10-12,29.309999465942383,28.040000915527344,28.520000457763672,28.389999389648438,34786928.0,25.667924880981445
2018-10-15,28.329999923706055,26.770000457763672,28.329999923706055,27.0,33686693.0,24.41120147705078
2018-10-16,27.190000534057617,26.549999237060547,26.8799991607666,27.149999618530273,17907723.0,24.546817779541016
2018-10-17,27.780000686645508,27.149999618530273,27.3799991607666,27.719999313354492,18848564.0,25.062164306640625
2018-10-18,28.040000915527344,27.25,27.709999084472656,27.510000228881836,15094550.0,24.87230110168457
2018-10-19,28.479999542236328,27.110000610351562,27.59000015258789,28.15999984741211,26178823.0,25.459978103637695
2018-10-22,29.190000534057617,28.15999984741211,28.15999984741211,28.860000610351562,24514089.0,26.09286117553711
2018-10-23,29.079999923706055,27.700000762939453,29.0,27.780000686645508,14758850.0,25.116413116455078
2018-10-24,28.329999923706055,27.549999237060547,28.100000381469727,27.6299991607666,16595974.0,24.980792999267578
2018-10-25,27.829999923706055,26.90999984741211,27.5,27.43000030517578,15384278.0,24.799970626831055
2018-10-26,28.100000381469727,27.489999771118164,27.520000457763672,27.520000457763672,13250045.0,24.881343841552734
2018-10-29,27.8799991607666,26.510000228881836,27.799999237060547,27.09000015258789,17736280.0,24.492570877075195
2018-10-30,28.399999618530273,27.270000457763672,27.8799991607666,27.420000076293945,27094543.0,24.790929794311523
2018-10-31,27.600000381469727,26.889999389648438,27.329999923706055,27.110000610351562,23378741.0,24.510652542114258
2018-11-01,28.149999618530273,27.1299991607666,27.270000457763672,27.43000030517578,25248960.0,24.799970626831055
2018-11-02,28.170000076293945,27.729999542236328,28.079999923706055,28.100000381469727,25092219.0,25.405731201171875
2018-11-05,28.190000534057617,27.559999465942383,28.0,27.700000762939453,19874160.0,25.044084548950195
2018-11-06,27.8799991607666,27.219999313354492,27.8799991607666,27.549999237060547,11110217.0,24.908464431762695
2018-11-07,27.639999389648438,26.920000076293945,27.559999465942383,27.020000457763672,20366731.0,24.429283142089844
2018-11-08,27.350000381469727,26.969999313354492,27.200000762939453,27.200000762939453,14303221.0,24.592025756835938
2018-11-09,27.399999618530273,26.940000534057617,27.0,27.219999313354492,10265121.0,24.610105514526367
2018-11-12,27.420000076293945,26.969999313354492,27.0,27.350000381469727,11774437.0,24.727642059326172
2018-11-13,27.6299991607666,27.040000915527344,27.040000915527344,27.469999313354492,11202100.0,24.83613395690918
2018-11-14,27.5,26.959999084472656,27.469999313354492,26.989999771118164,13444876.0,24.40216064453125
2018-11-15,27.100000381469727,26.559999465942383,27.049999237060547,26.700000762939453,27184218.0,24.139965057373047
2018-11-16,26.709999084472656,26.059999465942383,26.709999084472656,26.100000381469727,34593988.0,23.59749412536621
2018-11-19,26.229999542236328,25.510000228881836,26.229999542236328,25.75,29013969.0,23.281051635742188
2018-11-20,25.920000076293945,25.520000457763672,25.75,25.68000030517578,19336572.0,23.21776580810547
2018-11-21,25.6200008392334,25.239999771118164,25.5,25.420000076293945,14470182.0,22.98269271850586
2018-11-22,25.809999465942383,25.219999313354492,25.5,25.770000457763672,18168056.0,23.299135208129883
2018-11-23,25.649999618530273,25.059999465942383,25.649999618530273,25.1200008392334,15879344.0,22.711458206176758
2018-11-26,25.219999313354492,24.709999084472656,25.209999084472656,24.75,12722399.0,22.376934051513672
2018-11-27,24.889999389648438,24.549999237060547,24.799999237060547,24.579999923706055,11722860.0,22.223234176635742
2018-11-28,24.950000762939453,24.469999313354492,24.670000076293945,24.93000030517578,14011055.0,22.539674758911133
2018-11-29,25.06999969482422,24.75,24.989999771118164,24.93000030517578,10540241.0,22.539674758911133
2018-11-30,24.899999618530273,24.649999618530273,24.809999465942383,24.850000381469727,12592793.0,22.46734619140625
2018-12-03,25.600000381469727,25.149999618530273,25.25,25.3799991607666,31556434.0,22.9465274810791
2018-12-04,25.399999618530273,24.860000610351562,25.399999618530273,25.100000381469727,14868660.0,22.693374633789062
2018-12-05,25.049999237060547,24.709999084472656,24.729999542236328,24.989999771118164,14784759.0,22.593921661376953
2018-12-06,24.850000381469727,24.510000228881836,24.520000457763672,24.700000762939453,16340436.0,22.331729888916016
2018-12-07,24.770000457763672,24.559999465942383,24.690000534057617,24.719999313354492,7407969.0,22.349809646606445
2018-12-10,24.649999618530273,24.1299991607666,24.510000228881836,24.299999237060547,15204181.0,21.97007942199707
2018-12-11,24.459999084472656,24.200000762939453,24.200000762939453,24.459999084472656,6824494.0,22.11473846435547
2018-12-12,24.8700008392334,24.540000915527344,24.68000030517578,24.729999542236328,11480949.0,22.358850479125977
2018-12-13,25.010000228881836,24.709999084472656,24.829999923706055,24.799999237060547,20415751.0,22.422138214111328
2018-12-14,24.850000381469727,24.610000610351562,24.700000762939453,24.729999542236328,19864124.0,22.358850479125977
2018-12-17,25.290000915527344,24.600000381469727,24.729999542236328,25.110000610351562,28584355.0,22.702417373657227
2018-12-18,25.299999237060547,24.860000610351562,24.889999389648438,25.0,18673452.0,22.602962493896484
2018-12-19,25.799999237060547,25.049999237060547,25.049999237060547,25.5,36207450.0,23.055023193359375
2018-12-20,25.780000686645508,24.8700008392334,25.399999618530273,25.3799991607666,27344514.0,22.9465274810791
2018-12-21,25.649999618530273,25.079999923706055,25.450000762939453,25.600000381469727,20414071.0,23.145435333251953
2018-12-24,25.8799991607666,25.209999084472656,25.5,25.860000610351562,21503530.0,23.38050651550293
2018-12-25,26.25,25.489999771118164,25.899999618530273,26.239999771118164,25630294.0,23.724069595336914
2018-12-26,26.90999984741211,25.959999084472656,26.270000457763672,26.75,42561333.0,24.185171127319336
2018-12-27,27.8799991607666,25.969999313354492,26.90999984741211,27.15999984741211,50459600.0,24.55586051940918
2018-12-28,26.950000762939453,26.049999237060547,26.700000762939453,26.670000076293945,38522795.0,24.112842559814453
2019-01-02,26.3799991607666,24.950000762939453,26.3799991607666,25.239999771118164,22221705.0,22.8199520111084
2019-01-03,25.5,24.760000228881836,25.25,24.780000686645508,20223236.0,22.4040584564209
2019-01-04,24.93000030517578,24.309999465942383,24.510000228881836,24.75,28807660.0,22.376934051513672
2019-01-07,24.93000030517578,24.600000381469727,24.510000228881836,24.600000381469727,28867598.0,22.241315841674805
2019-01-08,24.59000015258789,24.229999542236328,24.59000015258789,24.299999237060547,20863659.0,21.97007942199707
2019-01-09,26.06999969482422,24.979999542236328,24.989999771118164,25.200000762939453,76675481.0,22.783788681030273
2019-01-10,25.290000915527344,24.780000686645508,25.25,24.84000015258789,34105652.0,22.45830535888672
2019-01-11,25.399999618530273,24.889999389648438,24.889999389648438,25.170000076293945,22629157.0,22.756664276123047
2019-01-14,25.389999389648438,24.799999237060547,25.100000381469727,24.8700008392334,25249337.0,22.485429763793945
2019-01-15,25.34000015258789,24.790000915527344,25.010000228881836,25.139999389648438,33136007.0,22.729537963867188
2019-01-16,25.59000015258789,25.110000610351562,25.18000030517578,25.450000762939453,27824829.0,23.009817123413086
2019-01-17,25.559999465942383,25.020000457763672,25.520000457763672,25.030000686645508,25092618.0,22.630088806152344
2019-01-18,25.450000762939453,25.0,25.280000686645508,25.389999389648438,40046958.0,22.955568313598633
2019-01-21,26.290000915527344,25.450000762939453,25.450000762939453,26.1299991607666,45695485.0,23.624616622924805
2019-01-22,26.219999313354492,25.299999237060547,26.219999313354492,25.40999984741211,22561123.0,22.973651885986328
2019-01-23,25.59000015258789,25.18000030517578,25.350000381469727,25.299999237060547,23864204.0,22.874197006225586
2019-01-24,25.8799991607666,24.940000534057617,25.399999618530273,25.700000762939453,28342296.0,23.23584747314453
2019-01-25,26.440000534057617,25.59000015258789,25.719999313354492,26.229999542236328,48878294.0,23.715028762817383
2019-01-28,26.950000762939453,25.989999771118164,26.200000762939453,26.09000015258789,39526804.0,23.58845329284668
2019-01-29,26.489999771118164,25.729999542236328,26.489999771118164,26.18000030517578,24999549.0,23.669824600219727
2019-01-30,26.239999771118164,25.920000076293945,26.1200008392334,26.010000228881836,16189625.0,23.516124725341797
2019-01-31,26.780000686645508,26.100000381469727,26.190000534057617,26.600000381469727,28616721.0,24.04955291748047
2019-02-01,26.889999389648438,26.25,26.889999389648438,26.649999618530273,19343613.0,24.094758987426758
2019-02-11,27.0,26.34000015258789,26.420000076293945,26.989999771118164,26407750.0,24.40216064453125
2019-02-12,27.190000534057617,26.559999465942383,27.049999237060547,26.799999237060547,32978808.0,24.230375289916992
2019-02-13,27.979999542236328,26.729999542236328,26.75,27.770000457763672,47182792.0,25.107372283935547
2019-02-14,27.93000030517578,27.450000762939453,27.59000015258789,27.600000381469727,23739722.0,24.953670501708984
2019-02-15,26.899999618530273,26.059999465942383,26.899999618530273,26.229999542236328,54232592.0,23.715028762817383
2019-02-18,27.489999771118164,26.309999465942383,26.399999618530273,27.299999237060547,39303306.0,24.68243408203125
2019-02-19,28.010000228881836,27.149999618530273,27.309999465942383,27.6200008392334,32105009.0,24.97175407409668
2019-02-20,28.469999313354492,27.700000762939453,27.899999618530273,28.219999313354492,34845956.0,25.514225006103516
2019-02-21,28.959999084472656,28.059999465942383,28.350000381469727,28.6299991607666,31263104.0,25.88491439819336
2019-02-22,28.59000015258789,28.079999923706055,28.59000015258789,28.40999984741211,20688723.0,25.686006546020508
2019-02-25,29.399999618530273,28.09000015258789,28.09000015258789,29.309999465942383,48783553.0,26.499713897705078
2019-02-26,29.219999313354492,28.3799991607666,29.110000610351562,28.450000762939453,32902180.0,25.722171783447266
2019-02-27,28.579999923706055,28.079999923706055,28.299999237060547,28.290000915527344,28448984.0,25.577512741088867
2019-02-28,28.520000457763672,28.110000610351562,28.31999969482422,28.31999969482422,20852933.0,25.604637145996094
2019-03-01,28.729999542236328,28.190000534057617,28.5,28.68000030517578,25531723.0,25.93012046813965
2019-03-04,29.25,28.5,28.6200008392334,28.540000915527344,49070184.0,25.803543090820312
2019-03-05,28.799999237060547,27.75,28.799999237060547,28.1200008392334,55071784.0,25.423812866210938
2019-03-06,28.110000610351562,27.520000457763672,28.079999923706055,27.770000457763672,49674990.0,25.107372283935547
2019-03-07,27.780000686645508,26.889999389648438,27.770000457763672,27.010000228881836,53328671.0,24.420242309570312
2019-03-08,26.799999237060547,26.389999389648438,26.799999237060547,26.489999771118164,36305342.0,23.95009994506836
2019-03-11,26.829999923706055,26.40999984741211,26.479999542236328,26.68000030517578,44564622.0,24.121883392333984
2019-03-12,26.90999984741211,26.440000534057617,26.59000015258789,26.739999771118164,54402189.0,24.176128387451172
2019-03-13,26.579999923706055,25.5,26.579999923706055,25.559999465942383,78748215.0,23.109270095825195
2019-03-14,25.950000762939453,25.389999389648438,25.540000915527344,25.760000228881836,48918920.0,23.29009437561035
2019-03-15,26.049999237060547,25.610000610351562,25.780000686645508,25.780000686645508,44261250.0,23.308176040649414
2019-03-18,26.43000030517578,25.670000076293945,25.950000762939453,26.350000381469727,51330625.0,23.823524475097656
2019-03-19,26.700000762939453,26.260000228881836,26.450000762939453,26.600000381469727,48452267.0,24.04955291748047
2019-03-20,26.649999618530273,26.260000228881836,26.59000015258789,26.3799991607666,28775160.0,23.85064697265625
2019-03-21,26.469999313354492,26.139999389648438,26.3799991607666,26.170000076293945,34161078.0,23.660783767700195
2019-03-22,26.40999984741211,25.899999618530273,26.149999618530273,26.239999771118164,39885527.0,23.724069595336914
2019-03-25,26.0,25.56999969482422,25.899999618530273,25.579999923706055,35816753.0,23.127351760864258
2019-03-26,25.799999237060547,25.520000457763672,25.690000534057617,25.719999313354492,25034611.0,23.253929138183594
2019-03-27,25.850000381469727,25.280000686645508,25.729999542236328,25.389999389648438,37418932.0,22.955568313598633
2019-03-28,25.399999618530273,25.010000228881836,25.299999237060547,25.360000610351562,29474978.0,22.928447723388672
2019-03-29,26.09000015258789,25.25,25.350000381469727,26.06999969482422,45274689.0,23.570369720458984
2019-04-01,26.829999923706055,26.239999771118164,26.239999771118164,26.59000015258789,59345175.0,24.040512084960938
2019-04-02,26.600000381469727,26.170000076293945,26.5,26.420000076293945,67534989.0,23.886812210083008
2019-04-03,27.170000076293945,26.260000228881836,26.350000381469727,27.170000076293945,85796553.0,24.56490135192871
2019-04-04,28.950000762939453,27.350000381469727,27.350000381469727,28.610000610351562,118377956.0,25.866830825805664
2019-04-08,28.860000610351562,27.809999465942383,28.610000610351562,28.079999923706055,62105086.0,25.38764762878418
2019-04-09,28.8799991607666,28.010000228881836,28.010000228881836,28.579999923706055,59818347.0,25.839706420898438
2019-04-10,30.0,28.0,28.299999237060547,29.229999542236328,82913222.0,26.427383422851562
2019-04-11,30.260000228881836,28.790000915527344,29.479999542236328,28.979999542236328,59609716.0,26.20135498046875
2019-04-12,29.469999313354492,28.010000228881836,28.979999542236328,28.299999237060547,41374237.0,25.5865535736084
2019-04-15,29.43000030517578,28.020000457763672,28.75,28.059999465942383,45826554.0,25.369565963745117
2019-04-16,28.59000015258789,27.549999237060547,28.1200008392334,28.520000457763672,33378832.0,25.78546142578125
2019-04-17,30.299999237060547,28.68000030517578,28.68000030517578,30.219999313354492,99050839.0,27.32246208190918
2019-04-18,30.299999237060547,29.3799991607666,30.229999542236328,29.540000915527344,36400904.0,26.70766258239746
2019-04-19,30.100000381469727,29.170000076293945,29.530000686645508,29.6299991607666,28105597.0,26.789031982421875
2019-04-22,29.5,28.229999542236328,29.469999313354492,28.420000076293945,37187357.0,25.695049285888672
2019-04-23,28.8700008392334,28.280000686645508,28.559999465942383,28.40999984741211,34053648.0,25.686006546020508
2019-04-24,28.75,28.020000457763672,28.610000610351562,28.420000076293945,24223542.0,25.695049285888672
2019-04-25,28.350000381469727,27.290000915527344,28.200000762939453,27.389999389648438,38455621.0,24.763805389404297
2019-04-26,27.360000610351562,26.520000457763672,27.209999084472656,26.579999923706055,38586937.0,24.031471252441406
2019-05-06,27.0,25.770000457763672,26.639999389648438,26.1200008392334,44933852.0,23.615575790405273
2019-05-07,26.600000381469727,25.8799991607666,26.270000457763672,26.170000076293945,31063430.0,23.660783767700195
2019-05-08,26.440000534057617,25.600000381469727,25.610000610351562,25.93000030517578,22337933.0,23.44379425048828
2019-05-09,26.09000015258789,25.3799991607666,25.780000686645508,25.549999237060547,28596807.0,23.10022735595703
2019-05-10,26.329999923706055,25.209999084472656,25.65999984741211,26.329999923706055,34717606.0,23.80544090270996
2019-05-13,25.8799991607666,25.350000381469727,25.729999542236328,25.520000457763672,22402970.0,23.07310676574707
2019-05-14,25.600000381469727,25.170000076293945,25.170000076293945,25.260000228881836,22134335.0,22.83803367614746
2019-05-15,25.829999923706055,25.31999969482422,25.31999969482422,25.709999084472656,23655585.0,23.24488639831543
2019-05-16,26.200000762939453,25.719999313354492,25.799999237060547,26.030000686645508,20451170.0,23.53420639038086
2019-05-17,26.030000686645508,25.3799991607666,26.030000686645508,25.479999542236328,16216511.0,23.03693962097168
2019-05-20,25.799999237060547,24.68000030517578,25.469999313354492,24.8799991607666,25343026.0,22.494468688964844
2019-05-21,25.229999542236328,24.770000457763672,24.969999313354492,24.959999084472656,18646447.0,22.566797256469727
2019-05-22,24.969999313354492,24.40999984741211,24.969999313354492,24.489999771118164,23259674.0,22.141860961914062
2019-05-23,24.479999542236328,23.209999084472656,24.479999542236328,23.34000015258789,43860617.0,21.10212516784668
2019-05-24,23.93000030517578,22.90999984741211,23.350000381469727,23.469999313354492,43281973.0,21.219661712646484
2019-05-27,23.75,22.690000534057617,23.299999237060547,23.719999313354492,34913873.0,21.44569206237793
2019-05-28,24.780000686645508,23.5,23.510000228881836,24.780000686645508,52780280.0,22.4040584564209
2019-05-29,24.59000015258789,24.200000762939453,24.5,24.290000915527344,22046050.0,21.961040496826172
2019-05-30,24.3700008392334,23.729999542236328,24.299999237060547,24.049999237060547,18681472.0,21.744050979614258
2019-05-31,24.350000381469727,23.739999771118164,24.0,23.950000762939453,14520218.0,21.65363883972168
2019-06-03,24.649999618530273,24.040000915527344,24.450000762939453,24.399999618530273,22249247.0,22.06049156188965
2019-06-04,24.770000457763672,24.190000534057617,24.5,24.670000076293945,19077651.0,22.304603576660156
2019-06-05,24.899999618530273,24.469999313354492,24.770000457763672,24.520000457763672,15686103.0,22.168987274169922
2019-06-06,24.739999771118164,24.360000610351562,24.6200008392334,24.559999465942383,16436957.0,22.205150604248047
2019-06-10,25.280000686645508,24.149999618530273,24.889999389648438,24.280000686645508,28978913.0,21.951997756958008
2019-06-11,24.700000762939453,23.899999618530273,24.079999923706055,24.549999237060547,22917038.0,22.196109771728516
2019-06-12,24.75,24.15999984741211,24.43000030517578,24.739999771118164,16749829.0,22.36789321899414
2019-06-13,24.780000686645508,24.270000457763672,24.719999313354492,24.579999923706055,15052783.0,22.223234176635742
2019-06-14,24.75,24.200000762939453,24.549999237060547,24.299999237060547,15306618.0,21.97007942199707
2019-06-17,24.549999237060547,24.299999237060547,24.399999618530273,24.360000610351562,12735181.0,22.024328231811523
2019-06-18,24.559999465942383,24.059999465942383,24.399999618530273,24.100000381469727,14726043.0,21.789257049560547
2019-06-19,24.649999618530273,24.3700008392334,24.5,24.420000076293945,19337012.0,22.078575134277344
2019-06-20,25.079999923706055,24.31999969482422,24.489999771118164,24.989999771118164,30605174.0,22.593921661376953
2019-06-21,25.290000915527344,25.0,25.0,25.260000228881836,21194232.0,22.83803367614746
2019-06-24,25.450000762939453,25.040000915527344,25.190000534057617,25.399999618530273,13179441.0,22.964611053466797
2019-06-25,25.579999923706055,25.18000030517578,25.469999313354492,25.280000686645508,18267587.0,22.856117248535156
2019-06-26,25.770000457763672,25.18000030517578,25.200000762939453,25.600000381469727,18584832.0,23.145435333251953
2019-06-27,26.059999465942383,25.3799991607666,25.700000762939453,25.540000915527344,18644391.0,23.091188430786133
2019-06-28,25.8799991607666,25.31999969482422,25.56999969482422,25.5,15371981.0,23.055023193359375
2019-07-01,26.239999771118164,25.780000686645508,25.780000686645508,26.049999237060547,26499496.0,23.552288055419922
2019-07-02,27.100000381469727,25.81999969482422,26.0,26.780000686645508,37020490.0,24.21229362487793
2019-07-03,26.969999313354492,26.600000381469727,26.809999465942383,26.799999237060547,25985266.0,24.230375289916992
2019-07-04,27.479999542236328,26.799999237060547,26.850000381469727,26.850000381469727,26854638.0,24.275583267211914
2019-07-05,27.1299991607666,26.459999084472656,26.850000381469727,26.969999313354492,22252421.0,24.384075164794922
2019-07-08,27.049999237060547,26.049999237060547,26.979999542236328,26.190000534057617,23925695.0,23.678865432739258
2019-07-09,26.81999969482422,26.100000381469727,26.290000915527344,26.229999542236328,29464164.0,23.715028762817383
2019-07-10,26.43000030517578,25.579999923706055,26.40999984741211,25.690000534057617,22717564.0,23.226806640625
2019-07-11,26.079999923706055,25.3799991607666,25.8700008392334,25.530000686645508,24017417.0,23.0821475982666
2019-07-12,24.489999771118164,23.649999618530273,24.489999771118164,23.899999618530273,34693145.0,22.730255126953125
2019-07-15,24.43000030517578,23.040000915527344,23.850000381469727,24.190000534057617,33000151.0,23.00606346130371
2019-07-16,24.350000381469727,23.8799991607666,24.229999542236328,23.959999084472656,15247356.0,22.787317276000977
2019-07-17,24.31999969482422,23.579999923706055,23.8799991607666,24.09000015258789,18111954.0,22.91095733642578
2019-07-18,23.979999542236328,23.6200008392334,23.969999313354492,23.65999984741211,12432641.0,22.502002716064453
2019-07-19,24.049999237060547,23.5,23.719999313354492,23.709999084472656,15447358.0,22.5495548248291
2019-07-22,23.829999923706055,23.34000015258789,23.700000762939453,23.389999389648438,13625052.0,22.245216369628906
2019-07-23,24.110000610351562,23.329999923706055,23.43000030517578,23.889999389648438,20151156.0,22.720745086669922
2019-07-24,24.799999237060547,24.0,24.0,24.690000534057617,24818629.0,23.481590270996094
2019-07-25,24.850000381469727,24.280000686645508,24.700000762939453,24.350000381469727,17322926.0,23.158231735229492
2019-07-26,24.43000030517578,24.1299991607666,24.200000762939453,24.350000381469727,11635497.0,23.158231735229492
2019-07-29,24.709999084472656,24.059999465942383,24.31999969482422,24.670000076293945,14932828.0,23.462570190429688
2019-07-30,25.260000228881836,24.520000457763672,24.600000381469727,24.899999618530273,29399966.0,23.681312561035156
2019-07-31,25.079999923706055,24.790000915527344,25.0,24.84000015258789,16793187.0,23.624248504638672
2019-08-01,25.040000915527344,24.520000457763672,24.899999618530273,24.59000015258789,15482460.0,23.386484146118164
2019-08-02,24.389999389648438,23.600000381469727,23.899999618530273,24.18000030517578,20946446.0,22.996551513671875
2019-08-05,24.229999542236328,23.610000610351562,24.100000381469727,23.610000610351562,18084743.0,22.454450607299805
2019-08-06,24.06999969482422,23.170000076293945,23.350000381469727,23.81999969482422,27406454.0,22.654170989990234
2019-08-07,24.219999313354492,23.549999237060547,23.90999984741211,23.6200008392334,19652784.0,22.463960647583008
2019-08-08,24.469999313354492,23.75,23.979999542236328,24.3799991607666,18977367.0,23.1867618560791
2019-08-09,24.989999771118164,24.100000381469727,24.469999313354492,24.3799991607666,19196750.0,23.1867618560791
2019-08-12,24.6200008392334,24.239999771118164,24.389999389648438,24.309999465942383,13557463.0,23.120187759399414
2019-08-13,24.510000228881836,23.81999969482422,24.209999084472656,23.93000030517578,18440569.0,22.758787155151367
2019-08-14,24.600000381469727,24.100000381469727,24.209999084472656,24.399999618530273,21251857.0,23.20578384399414
2019-08-15,24.959999084472656,23.969999313354492,24.149999618530273,24.649999618530273,33781811.0,23.44354820251465
2019-08-16,24.920000076293945,24.489999771118164,24.700000762939453,24.540000915527344,20457850.0,23.338932037353516
2019-08-19,25.0,24.219999313354492,24.799999237060547,24.5,36365821.0,23.30088996887207
2019-08-20,24.5,24.06999969482422,24.489999771118164,24.260000228881836,23021681.0,23.072635650634766
2019-08-21,24.239999771118164,23.940000534057617,24.18000030517578,24.09000015258789,20192716.0,22.91095733642578
2019-08-22,24.420000076293945,24.049999237060547,24.15999984741211,24.270000457763672,15485481.0,23.0821475982666
2019-08-23,24.709999084472656,24.200000762939453,24.270000457763672,24.600000381469727,24184383.0,23.39599609375
2019-08-26,24.3799991607666,23.959999084472656,24.260000228881836,24.030000686645508,30067809.0,22.853893280029297
2019-08-27,25.200000762939453,24.149999618530273,24.149999618530273,24.959999084472656,62969856.0,23.738374710083008
2019-08-28,26.18000030517578,24.700000762939453,25.3700008392334,25.079999923706055,40854293.0,23.852502822875977
2019-08-29,25.280000686645508,24.579999923706055,25.079999923706055,24.719999313354492,19558688.0,23.510122299194336
2019-08-30,25.399999618530273,24.6200008392334,24.850000381469727,25.079999923706055,33759926.0,23.852502822875977
2019-09-02,25.600000381469727,24.90999984741211,24.969999313354492,24.940000534057617,29723172.0,23.7193546295166
2019-09-03,25.040000915527344,24.399999618530273,25.030000686645508,24.610000610351562,29790921.0,23.405506134033203
2019-09-04,24.65999984741211,24.31999969482422,24.600000381469727,24.6299991607666,20312432.0,23.42452621459961
2019-09-05,25.399999618530273,24.760000228881836,24.760000228881836,25.260000228881836,40426202.0,24.023693084716797
2019-09-06,26.18000030517578,25.489999771118164,25.5,25.940000534057617,30303049.0,24.670412063598633
2019-09-09,26.31999969482422,25.809999465942383,26.100000381469727,26.079999923706055,32350440.0,24.803558349609375
2019-09-10,26.170000076293945,25.420000076293945,26.09000015258789,25.5,22914311.0,24.25194549560547
2019-09-11,25.520000457763672,25.18000030517578,25.5,25.34000015258789,17330336.0,24.099777221679688
2019-09-12,25.450000762939453,25.0,25.440000534057617,25.139999389648438,25810393.0,23.909564971923828
2019-09-16,25.440000534057617,24.969999313354492,25.440000534057617,25.010000228881836,29416905.0,23.78592872619629
2019-09-17,25.020000457763672,24.59000015258789,25.0,24.700000762939453,20055608.0,23.49110221862793
2019-09-18,24.989999771118164,24.68000030517578,24.81999969482422,24.770000457763672,19002477.0,23.557674407958984
2019-09-19,24.940000534057617,24.610000610351562,24.8799991607666,24.780000686645508,15809526.0,23.56718635559082
2019-09-20,24.829999923706055,24.559999465942383,24.809999465942383,24.65999984741211,32357230.0,23.45305824279785
2019-09-23,24.530000686645508,23.950000762939453,24.5,24.270000457763672,35248808.0,23.0821475982666
2019-09-24,24.399999618530273,24.1200008392334,24.270000457763672,24.200000762939453,29799599.0,23.015573501586914
2019-09-25,24.149999618530273,23.56999969482422,24.09000015258789,23.670000076293945,32122767.0,22.511512756347656
2019-09-26,23.93000030517578,23.65999984741211,23.760000228881836,23.799999237060547,23917337.0,22.635149002075195
2019-09-27,23.799999237060547,23.56999969482422,23.780000686645508,23.700000762939453,15443574.0,22.5400447845459
2019-09-30,24.100000381469727,23.600000381469727,23.649999618530273,23.780000686645508,15976611.0,22.61612892150879
2019-10-08,23.860000610351562,23.649999618530273,23.790000915527344,23.700000762939453,13259535.0,22.5400447845459
2019-10-09,23.690000534057617,23.34000015258789,23.610000610351562,23.440000534057617,16448625.0,22.292770385742188
2019-10-10,23.950000762939453,23.420000076293945,23.450000762939453,23.90999984741211,17296690.0,22.739765167236328
2019-10-11,23.989999771118164,23.75,23.989999771118164,23.93000030517578,11329468.0,22.758787155151367
2019-10-14,24.479999542236328,23.969999313354492,24.0,24.389999389648438,22697294.0,23.196271896362305
2019-10-15,24.600000381469727,23.889999389648438,24.600000381469727,23.93000030517578,23327169.0,22.758787155151367
2019-10-16,24.200000762939453,23.90999984741211,24.149999618530273,24.149999618530273,11570732.0,22.968019485473633
2019-10-17,24.209999084472656,23.149999618530273,24.149999618530273,23.780000686645508,15005781.0,22.61612892150879
2019-10-18,23.93000030517578,23.40999984741211,23.920000076293945,23.450000762939453,16524336.0,22.30228042602539
2019-10-21,23.549999237060547,23.09000015258789,23.459999084472656,23.15999984741211,14548906.0,22.026473999023438
2019-10-22,23.360000610351562,23.1299991607666,23.350000381469727,23.260000228881836,11564391.0,22.121580123901367
2019-10-23,23.299999237060547,23.1200008392334,23.260000228881836,23.200000762939453,8475665.0,22.064516067504883
2019-10-24,23.360000610351562,23.1299991607666,23.280000686645508,23.190000534057617,9182123.0,22.05500602722168
2019-10-25,23.239999771118164,22.899999618530273,23.209999084472656,23.06999969482422,20815190.0,21.94087791442871
2019-10-28,23.75,23.030000686645508,23.06999969482422,23.68000030517578,19618620.0,22.52102279663086
2019-10-29,23.719999313354492,23.510000228881836,23.719999313354492,23.520000457763672,9914666.0,22.368854522705078
2019-10-30,23.6299991607666,23.15999984741211,23.6299991607666,23.299999237060547,12065531.0,22.15962028503418
2019-10-31,23.5,23.100000381469727,23.31999969482422,23.5,11313590.0,22.34983253479004
2019-11-01,23.969999313354492,23.3700008392334,23.540000915527344,23.850000381469727,18864831.0,22.682703018188477
2019-11-04,24.06999969482422,23.68000030517578,23.959999084472656,23.860000610351562,16689563.0,22.69221305847168
2019-11-05,24.059999465942383,23.700000762939453,23.93000030517578,23.790000915527344,19215491.0,22.625640869140625
2019-11-06,23.860000610351562,23.549999237060547,23.790000915527344,23.719999313354492,10949463.0,22.559064865112305
2019-11-07,24.100000381469727,23.700000762939453,23.700000762939453,24.100000381469727,22072142.0,22.920467376708984
2019-11-08,24.1200008392334,23.709999084472656,24.110000610351562,23.75,19386897.0,22.587596893310547
2019-11-11,23.6299991607666,23.329999923706055,23.600000381469727,23.399999618530273,11877079.0,22.25472640991211
2019-11-12,23.549999237060547,23.209999084472656,23.5,23.280000686645508,11445829.0,22.140600204467773
2019-11-13,23.34000015258789,23.020000457763672,23.239999771118164,23.06999969482422,12093736.0,21.94087791442871
2019-11-14,23.170000076293945,22.969999313354492,23.06999969482422,22.969999313354492,13293424.0,21.84577178955078
2019-11-15,23.489999771118164,22.809999465942383,23.030000686645508,23.170000076293945,30395572.0,22.03598403930664
2019-11-18,23.040000915527344,22.6299991607666,23.020000457763672,22.81999969482422,20252369.0,21.703113555908203
2019-11-19,22.8700008392334,22.700000762939453,22.81999969482422,22.81999969482422,16889398.0,21.703113555908203
2019-11-20,22.969999313354492,22.75,22.81999969482422,22.770000457763672,11868605.0,21.655561447143555
2019-11-21,22.799999237060547,22.510000228881836,22.770000457763672,22.559999465942383,15739075.0,21.455839157104492
2019-11-22,22.790000915527344,22.489999771118164,22.600000381469727,22.5,14904148.0,21.39877700805664
2019-11-25,23.190000534057617,22.510000228881836,22.510000228881836,23.100000381469727,26168568.0,21.969409942626953
2019-11-26,23.450000762939453,23.200000762939453,23.200000762939453,23.43000030517578,29891531.0,22.28325843811035
2019-11-27,23.469999313354492,23.209999084472656,23.420000076293945,23.350000381469727,16159686.0,22.20717430114746
2019-11-28,23.43000030517578,22.90999984741211,23.31999969482422,23.040000915527344,11792561.0,21.9123477935791
2019-11-29,23.520000457763672,23.040000915527344,23.049999237060547,23.25,18284703.0,22.11206817626953
2019-12-02,23.389999389648438,23.100000381469727,23.270000457763672,23.18000030517578,10964699.0,22.045494079589844
2019-12-03,23.25,23.010000228881836,23.25,23.209999084472656,11602310.0,22.074026107788086
2019-12-04,23.190000534057617,22.670000076293945,23.059999465942383,22.760000228881836,18013004.0,21.64605140686035
2019-12-05,22.8799991607666,22.68000030517578,22.860000610351562,22.799999237060547,14039412.0,21.684091567993164
2019-12-06,23.040000915527344,22.670000076293945,22.829999923706055,22.75,19222477.0,21.636539459228516
2019-12-09,22.799999237060547,22.56999969482422,22.760000228881836,22.68000030517578,17225132.0,21.56996726989746
2019-12-10,23.18000030517578,22.600000381469727,22.6299991607666,23.15999984741211,23230227.0,22.026473999023438
2019-12-11,23.549999237060547,22.969999313354492,23.200000762939453,23.420000076293945,27326990.0,22.27374839782715
2019-12-12,23.600000381469727,23.31999969482422,23.5,23.520000457763672,20018252.0,22.368854522705078
2019-12-13,23.809999465942383,23.600000381469727,23.719999313354492,23.700000762939453,29581804.0,22.5400447845459
2019-12-16,23.829999923706055,23.639999389648438,23.709999084472656,23.81999969482422,18470905.0,22.654170989990234
2019-12-17,23.950000762939453,23.700000762939453,23.8799991607666,23.899999618530273,22785442.0,22.730255126953125
2019-12-18,23.979999542236328,23.739999771118164,23.84000015258789,23.8799991607666,21427091.0,22.711233139038086
2019-12-19,24.040000915527344,23.780000686645508,23.780000686645508,23.8700008392334,17517631.0,22.701725006103516
2019-12-20,24.280000686645508,23.84000015258789,23.8700008392334,23.979999542236328,21018412.0,22.806339263916016
2019-12-23,24.209999084472656,23.690000534057617,24.100000381469727,23.700000762939453,22673089.0,22.5400447845459
2019-12-24,23.899999618530273,23.459999084472656,23.700000762939453,23.6200008392334,12068287.0,22.463960647583008
2019-12-25,23.81999969482422,23.489999771118164,23.780000686645508,23.6200008392334,12197648.0,22.463960647583008
2019-12-26,23.709999084472656,23.540000915527344,23.540000915527344,23.65999984741211,11201729.0,22.502002716064453
2019-12-27,24.09000015258789,23.559999465942383,23.559999465942383,23.8799991607666,17970947.0,22.711233139038086
2019-12-30,24.049999237060547,23.719999313354492,23.920000076293945,23.850000381469727,26651020.0,22.682703018188477
2019-12-31,23.979999542236328,23.719999313354492,23.780000686645508,23.850000381469727,20938183.0,22.682703018188477
2020-01-02,24.510000228881836,23.969999313354492,24.0,24.170000076293945,37373749.0,22.987041473388672
2020-01-03,24.350000381469727,24.06999969482422,24.219999313354492,24.100000381469727,20009024.0,22.920467376708984
2020-01-06,24.049999237060547,23.309999465942383,24.049999237060547,23.360000610351562,52456395.0,22.216686248779297
2020-01-07,23.530000686645508,23.34000015258789,23.43000030517578,23.530000686645508,18661078.0,22.37836456298828
2020-01-08,23.889999389648438,23.889999389648438,23.889999389648438,23.889999389648438,30614378.0,22.720745086669922
2020-01-09,25.09000015258789,23.899999618530273,24.0,24.950000762939453,54666733.0,23.728866577148438
2020-01-10,25.149999618530273,24.780000686645508,24.93000030517578,25.049999237060547,25641817.0,23.823970794677734
2020-01-13,25.299999237060547,25.299999237060547,25.299999237060547,25.299999237060547,24056031.0,24.061735153198242
2020-01-14,24.969999313354492,24.969999313354492,24.969999313354492,24.969999313354492,34787257.0,23.74788475036621
2020-01-15,24.93000030517578,24.440000534057617,24.780000686645508,24.559999465942383,19075745.0,23.357952117919922
2020-01-16,25.170000076293945,24.610000610351562,24.799999237060547,24.799999237060547,18671233.0,23.586206436157227
2020-01-17,25.170000076293945,24.639999389648438,25.030000686645508,24.739999771118164,16842878.0,23.529142379760742
2020-01-20,24.739999771118164,24.040000915527344,24.65999984741211,24.149999618530273,28635719.0,22.968019485473633
2020-01-21,24.059999465942383,23.049999237060547,24.059999465942383,23.100000381469727,42029629.0,21.969409942626953
2020-01-22,23.34000015258789,22.950000762939453,23.020000457763672,23.209999084472656,22739918.0,22.074026107788086
2020-01-23,23.100000381469727,22.5,23.100000381469727,22.610000610351562,24893614.0,21.503393173217773
2020-02-03,21.459999084472656,20.350000381469727,20.399999618530273,20.5,51347241.0,19.496662139892578
2020-02-04,21.0,20.329999923706055,20.68000030517578,20.399999618530273,47281024.0,19.40155601501465
2020-02-05,20.959999084472656,20.420000076293945,20.510000228881836,20.889999389648438,40502814.0,19.86757469177246
2020-02-06,21.170000076293945,20.600000381469727,20.950000762939453,21.010000228881836,29328782.0,19.98170280456543
2020-02-07,21.299999237060547,20.729999542236328,21.020000457763672,21.25,27022328.0,20.2099552154541
2020-02-10,21.579999923706055,20.959999084472656,21.0,21.399999618530273,26828873.0,20.35261344909668
2020-02-11,21.670000076293945,21.280000686645508,21.600000381469727,21.329999923706055,22062525.0,20.286039352416992
2020-02-12,21.649999618530273,21.18000030517578,21.329999923706055,21.649999618530273,19535422.0,20.590377807617188
2020-02-13,21.899999618530273,21.450000762939453,21.559999465942383,21.559999465942383,19297073.0,20.50478172302246
2020-02-14,21.780000686645508,21.309999465942383,21.559999465942383,21.489999771118164,16721894.0,20.438209533691406
2020-02-17,23.040000915527344,21.520000457763672,21.540000915527344,22.739999771118164,47188318.0,21.627029418945312
2020-02-18,22.690000534057617,22.389999389648438,22.690000534057617,22.579999923706055,24709417.0,21.47486114501953
2020-02-19,23.170000076293945,22.510000228881836,22.520000457763672,22.75,31059043.0,21.636539459228516
2020-02-20,23.100000381469727,22.68000030517578,22.899999618530273,23.0,21201672.0,21.874303817749023
2020-02-21,23.8799991607666,23.200000762939453,23.219999313354492,23.850000381469727,34526170.0,22.682703018188477
2020-02-24,24.31999969482422,23.600000381469727,23.600000381469727,23.700000762939453,27932206.0,22.5400447845459
2020-02-25,23.8799991607666,23.020000457763672,23.5,23.68000030517578,25137632.0,22.52102279663086
2020-02-26,23.809999465942383,23.049999237060547,23.43000030517578,23.510000228881836,25750072.0,22.359344482421875
2020-02-27,23.969999313354492,23.18000030517578,23.530000686645508,23.350000381469727,24048411.0,22.20717430114746
2020-02-28,23.200000762939453,22.209999084472656,23.0,22.209999084472656,29787871.0,21.122968673706055
2020-03-02,23.6299991607666,22.280000686645508,22.31999969482422,23.200000762939453,33383435.0,22.064516067504883
2020-03-03,23.81999969482422,23.139999389648438,23.520000457763672,23.5,21515229.0,22.34983253479004
2020-03-04,23.799999237060547,23.219999313354492,23.219999313354492,23.68000030517578,22876409.0,22.52102279663086
2020-03-05,24.0,23.389999389648438,23.850000381469727,23.610000610351562,22538961.0,22.454450607299805
2020-03-06,23.469999313354492,22.850000381469727,23.399999618530273,22.920000076293945,18895274.0,21.798219680786133
2020-03-09,22.549999237060547,22.18000030517578,22.520000457763672,22.260000228881836,29670412.0,21.170522689819336
2020-03-10,23.450000762939453,22.040000915527344,22.049999237060547,23.299999237060547,28637687.0,22.15962028503418
2020-03-11,23.719999313354492,22.860000610351562,23.420000076293945,22.899999618530273,29577826.0,21.779197692871094
2020-03-12,22.829999923706055,22.299999237060547,22.780000686645508,22.670000076293945,18803329.0,21.560455322265625
2020-03-13,22.479999542236328,21.450000762939453,22.040000915527344,22.15999984741211,23182172.0,21.075416564941406
2020-03-16,22.25,20.6200008392334,22.239999771118164,20.860000610351562,37560583.0,19.83904457092285
2020-03-17,21.219999313354492,20.299999237060547,20.950000762939453,20.709999084472656,21076425.0,19.69638442993164
2020-03-18,20.969999313354492,20.0,20.719999313354492,20.100000381469727,31785276.0,19.116239547729492
2020-03-19,20.100000381469727,18.600000381469727,19.920000076293945,19.020000457763672,46588962.0,18.089099884033203
2020-03-20,19.25,18.770000457763672,19.1200008392334,19.049999237060547,33720886.0,18.117630004882812
2020-03-23,18.399999618530273,17.459999084472656,18.100000381469727,17.700000762939453,51899054.0,16.833703994750977
2020-03-24,19.110000610351562,17.829999923706055,17.940000534057617,19.0,37730583.0,18.070077896118164
2020-03-25,20.850000381469727,19.700000762939453,19.700000762939453,20.530000686645508,54205173.0,19.52519416809082
2020-03-26,20.450000762939453,19.8799991607666,20.18000030517578,20.09000015258789,24049734.0,19.10672950744629
2020-03-27,20.8700008392334,20.299999237060547,20.299999237060547,20.530000686645508,28020116.0,19.52519416809082
2020-03-30,21.209999084472656,20.200000762939453,20.290000915527344,21.079999923706055,31665038.0,20.048274993896484
2020-03-31,21.34000015258789,20.440000534057617,21.1299991607666,20.5,20349562.0,19.496662139892578
2020-04-01,21.010000228881836,19.610000610351562,20.549999237060547,19.719999313354492,35385050.0,18.754837036132812
2020-04-02,19.670000076293945,19.170000076293945,19.610000610351562,19.450000762939453,23897291.0,18.49805450439453
2020-04-03,19.559999465942383,19.1299991607666,19.5,19.329999923706055,18167083.0,18.383926391601562
2020-04-07,19.899999618530273,19.239999771118164,19.8799991607666,19.420000076293945,27926631.0,18.46952247619629
2020-04-08,19.34000015258789,19.1299991607666,19.299999237060547,19.290000915527344,21429772.0,18.345884323120117
2020-04-09,19.530000686645508,19.190000534057617,19.31999969482422,19.469999313354492,20033028.0,18.517074584960938
2020-04-10,19.559999465942383,18.799999237060547,19.549999237060547,18.920000076293945,27812763.0,17.993993759155273
2020-04-13,18.8799991607666,18.450000762939453,18.6200008392334,18.68000030517578,17480660.0,17.76573944091797
2020-04-14,18.959999084472656,18.56999969482422,18.889999389648438,18.950000762939453,23939378.0,18.022525787353516
2020-04-15,18.989999771118164,18.520000457763672,18.959999084472656,18.59000015258789,22063014.0,17.680145263671875
2020-04-16,18.969999313354492,18.40999984741211,18.520000457763672,18.969999313354492,23402497.0,18.041545867919922
2020-04-17,19.260000228881836,18.899999618530273,19.079999923706055,19.0,23875891.0,18.070077896118164
2020-04-20,19.030000686645508,18.68000030517578,19.010000228881836,18.799999237060547,20386435.0,17.879865646362305
2020-04-21,18.889999389648438,18.489999771118164,18.889999389648438,18.610000610351562,21200551.0,17.69916534423828
2020-04-22,18.559999465942383,18.3799991607666,18.5,18.549999237060547,16058585.0,17.642101287841797
2020-04-23,18.649999618530273,18.3700008392334,18.649999618530273,18.3700008392334,16195126.0,17.47091293334961
2020-04-24,18.530000686645508,18.209999084472656,18.43000030517578,18.260000228881836,19015755.0,17.366296768188477
2020-04-27,18.34000015258789,17.979999542236328,18.260000228881836,17.989999771118164,18391868.0,17.10951042175293
2020-04-28,18.049999237060547,17.600000381469727,18.049999237060547,17.860000610351562,17100708.0,16.98587417602539
2020-04-29,18.100000381469727,17.700000762939453,17.829999923706055,18.09000015258789,15775632.0,17.20461654663086
2020-04-30,18.950000762939453,18.399999618530273,18.440000534057617,18.899999618530273,32174798.0,17.974971771240234
2020-05-06,19.770000457763672,18.700000762939453,18.709999084472656,19.6200008392334,40244421.0,18.659732818603516
2020-05-07,19.68000030517578,19.389999389648438,19.65999984741211,19.649999618530273,21187351.0,18.688264846801758
2020-05-08,20.399999618530273,19.65999984741211,19.65999984741211,20.290000915527344,29853632.0,19.29694175720215
2020-05-11,20.8700008392334,19.899999618530273,20.3799991607666,20.100000381469727,31340811.0,19.116239547729492
2020-05-12,20.219999313354492,19.65999984741211,20.200000762939453,19.790000915527344,19530993.0,18.821413040161133
2020-05-13,19.790000915527344,19.420000076293945,19.780000686645508,19.520000457763672,15489583.0,18.564626693725586
2020-05-14,19.479999542236328,18.889999389648438,19.479999542236328,18.940000534057617,24411908.0,18.01301383972168
2020-05-15,19.15999984741211,18.520000457763672,19.079999923706055,18.600000381469727,28214813.0,17.689655303955078
2020-05-18,18.770000457763672,18.309999465942383,18.610000610351562,18.479999542236328,24312994.0,17.57552719116211
2020-05-19,18.81999969482422,18.5,18.700000762939453,18.709999084472656,20522170.0,17.794269561767578
2020-05-20,18.8700008392334,18.43000030517578,18.700000762939453,18.610000610351562,25417150.0,17.69916534423828
2020-05-21,18.75,18.450000762939453,18.75,18.510000228881836,17527132.0,17.60405921936035
2020-05-22,18.510000228881836,18.100000381469727,18.43000030517578,18.360000610351562,20926364.0,17.461400985717773
2020-05-25,18.850000381469727,18.260000228881836,18.5,18.75,21750624.0,17.832313537597656
2020-05-26,18.90999984741211,18.600000381469727,18.790000915527344,18.790000915527344,18225210.0,17.870357513427734
2020-05-27,18.760000228881836,18.200000762939453,18.709999084472656,18.229999542236328,30590646.0,17.3377628326416
2020-05-28,18.389999389648438,18.010000228881836,18.219999313354492,18.18000030517578,21992801.0,17.290210723876953
2020-05-29,18.170000076293945,17.8700008392334,18.110000610351562,17.920000076293945,26455078.0,17.042936325073242
2020-06-01,18.43000030517578,17.90999984741211,17.989999771118164,18.299999237060547,48262661.0,17.40433692932129
2020-06-02,18.360000610351562,18.1200008392334,18.219999313354492,18.229999542236328,37108741.0,17.3377628326416
2020-06-03,18.940000534057617,18.309999465942383,18.420000076293945,18.940000534057617,57218336.0,18.01301383972168
2020-06-04,19.200000762939453,18.15999984741211,19.15999984741211,18.229999542236328,85921758.0,17.3377628326416
2020-06-05,18.25,18.110000610351562,18.149999618530273,18.229999542236328,27024959.0,17.3377628326416
2020-06-08,18.389999389648438,18.170000076293945,18.360000610351562,18.299999237060547,37090716.0,17.40433692932129
2020-06-09,18.43000030517578,18.209999084472656,18.260000228881836,18.299999237060547,35576308.0,17.40433692932129
2020-06-10,18.299999237060547,18.049999237060547,18.299999237060547,18.110000610351562,35437984.0,17.2236385345459
2020-06-11,18.31999969482422,18.0,18.059999465942383,18.049999237060547,37781923.0,17.16657257080078
2020-06-12,17.989999771118164,17.739999771118164,17.81999969482422,17.989999771118164,58093793.0,17.10951042175293
2020-06-15,17.899999618530273,17.709999084472656,17.81999969482422,17.719999313354492,28333961.0,16.852724075317383
2020-06-16,17.899999618530273,17.709999084472656,17.8799991607666,17.799999237060547,26979196.0,16.928808212280273
2020-06-17,17.920000076293945,17.729999542236328,17.799999237060547,17.8700008392334,25572777.0,16.995384216308594
2020-06-18,17.899999618530273,17.75,17.829999923706055,17.84000015258789,27336719.0,16.96685218811035
2020-06-19,18.25,17.90999984741211,17.940000534057617,18.25,49714763.0,17.35678482055664
2020-06-22,18.219999313354492,18.020000457763672,18.149999618530273,18.1200008392334,28442628.0,17.2331485748291
2020-06-23,18.100000381469727,17.899999618530273,18.079999923706055,17.969999313354492,26327335.0,17.09048843383789
2020-06-24,18.270000457763672,17.979999542236328,17.989999771118164,18.190000534057617,32072884.0,17.29972267150879
2020-06-29,18.149999618530273,17.93000030517578,18.149999618530273,17.979999542236328,29901238.0,17.099998474121094
2020-06-30,17.18000030517578,16.93000030517578,17.149999618530273,16.989999771118164,39464217.0,16.989999771118164
2020-07-01,17.270000457763672,16.899999618530273,16.979999542236328,17.25,33048422.0,17.25
2020-07-02,17.950000762939453,17.15999984741211,17.239999771118164,17.860000610351562,74917108.0,17.860000610351562
2020-07-03,18.719999313354492,18.020000457763672,18.149999618530273,18.649999618530273,87026473.0,18.649999618530273
2020-07-06,19.850000381469727,18.889999389648438,19.440000534057617,19.760000228881836,104323128.0,19.760000228881836
2020-07-07,20.440000534057617,19.18000030517578,20.049999237060547,19.200000762939453,107258337.0,19.200000762939453
2020-07-08,19.350000381469727,18.84000015258789,19.190000534057617,19.18000030517578,70962910.0,19.18000030517578
2020-07-09,19.639999389648438,19.15999984741211,19.229999542236328,19.31999969482422,68125007.0,19.31999969482422
2020-07-10,19.309999465942383,18.8799991607666,19.200000762939453,18.93000030517578,58784806.0,18.93000030517578
2020-07-13,19.399999618530273,18.8799991607666,18.90999984741211,19.239999771118164,58787383.0,19.239999771118164
2020-07-14,21.15999984741211,18.690000534057617,19.239999771118164,20.15999984741211,108042657.0,20.15999984741211
2020-07-15,19.989999771118164,19.18000030517578,19.729999542236328,19.209999084472656,70828895.0,19.209999084472656
2020-07-16,19.549999237060547,18.469999313354492,19.209999084472656,18.489999771118164,56625970.0,18.489999771118164
2020-07-17,18.75,18.31999969482422,18.399999618530273,18.559999465942383,34114755.0,18.559999465942383
2020-07-20,19.15999984741211,18.43000030517578,18.579999923706055,19.079999923706055,41951407.0,19.079999923706055
2020-07-21,19.270000457763672,18.8799991607666,19.15999984741211,18.93000030517578,30022368.0,18.93000030517578
2020-07-22,19.270000457763672,18.899999618530273,19.100000381469727,18.940000534057617,36780096.0,18.940000534057617
2020-07-23,19.1299991607666,18.350000381469727,18.920000076293945,18.59000015258789,51507383.0,18.59000015258789
2020-07-24,18.739999771118164,17.90999984741211,18.59000015258789,17.959999084472656,62155376.0,17.959999084472656
2020-07-27,18.25,17.809999465942383,18.079999923706055,18.079999923706055,30021937.0,18.079999923706055
2020-07-28,18.31999969482422,17.979999542236328,18.15999984741211,18.010000228881836,24842822.0,18.010000228881836
2020-07-29,18.389999389648438,17.780000686645508,17.979999542236328,18.360000610351562,36328088.0,18.360000610351562
2020-07-30,18.719999313354492,18.100000381469727,18.360000610351562,18.1200008392334,44076409.0,18.1200008392334
2020-07-31,18.389999389648438,18.0,18.079999923706055,18.18000030517578,36154843.0,18.18000030517578
2020-08-03,18.489999771118164,18.260000228881836,18.260000228881836,18.3799991607666,45982046.0,18.3799991607666
2020-08-04,18.5,18.25,18.43000030517578,18.399999618530273,36599668.0,18.399999618530273
2020-08-05,18.399999618530273,18.100000381469727,18.399999618530273,18.190000534057617,36242004.0,18.190000534057617
2020-08-06,18.360000610351562,18.020000457763672,18.260000228881836,18.270000457763672,38068957.0,18.270000457763672
2020-08-07,18.3799991607666,18.020000457763672,18.200000762939453,18.100000381469727,32962352.0,18.100000381469727
